"ID";"Bestedingscategorieen";"Perioden";"CPI_1";"CPIAfgeleid_2";"MaandmutatieCPI_3";"MaandmutatieCPIAfgeleid_4";"JaarmutatieCPI_5";"JaarmutatieCPIAfgeleid_6";"Wegingscoefficient_7"
"37544";"CPI040000";"1996MM01";"   55.23";"   60.62";"";"";"";"";"   27823"
"37545";"CPI040000";"1996MM02";"   55.24";"   60.62";"     0.0";"     0.0";"";"";"   27823"
"37546";"CPI040000";"1996MM03";"   55.23";"   60.61";"     0.0";"     0.0";"";"";"   27823"
"37547";"CPI040000";"1996MM04";"   55.24";"   60.62";"     0.0";"     0.0";"";"";"   27823"
"37548";"CPI040000";"1996MM05";"   55.23";"   60.60";"     0.0";"     0.0";"";"";"   27823"
"37549";"CPI040000";"1996MM06";"   55.24";"   60.62";"     0.0";"     0.0";"";"";"   27823"
"37550";"CPI040000";"1996MM07";"   57.09";"   62.65";"     3.3";"     3.3";"";"";"   27823"
"37551";"CPI040000";"1996MM08";"   57.09";"   62.65";"     0.0";"     0.0";"";"";"   27823"
"37552";"CPI040000";"1996MM09";"   57.10";"   62.67";"     0.0";"     0.0";"";"";"   27823"
"37553";"CPI040000";"1996MM10";"   57.10";"   62.67";"     0.0";"     0.0";"";"";"   27823"
"37554";"CPI040000";"1996MM11";"   57.11";"   62.68";"     0.0";"     0.0";"";"";"   27823"
"37555";"CPI040000";"1996MM12";"   57.11";"   62.68";"     0.0";"     0.0";"";"";"   27823"
"37556";"CPI040000";"1996JJ00";"   56.17";"   61.64";"";"";"";"";"   27823"
"37557";"CPI040000";"1997MM01";"   57.74";"   63.09";"     1.1";"     0.7";"     4.5";"     4.1";"   27823"
"37558";"CPI040000";"1997MM02";"   57.74";"   63.09";"     0.0";"     0.0";"     4.5";"     4.1";"   27823"
"37559";"CPI040000";"1997MM03";"   57.76";"   63.11";"     0.0";"     0.0";"     4.6";"     4.1";"   27823"
"37560";"CPI040000";"1997MM04";"   57.77";"   63.11";"     0.0";"     0.0";"     4.6";"     4.1";"   27823"
"37561";"CPI040000";"1997MM05";"   57.82";"   63.18";"     0.1";"     0.1";"     4.7";"     4.3";"   27823"
"37562";"CPI040000";"1997MM06";"   57.83";"   63.19";"     0.0";"     0.0";"     4.7";"     4.2";"   27823"
"37563";"CPI040000";"1997MM07";"   59.63";"   65.17";"     3.1";"     3.1";"     4.4";"     4.0";"   27823"
"37564";"CPI040000";"1997MM08";"   59.63";"   65.18";"     0.0";"     0.0";"     4.4";"     4.0";"   27823"
"37565";"CPI040000";"1997MM09";"   59.66";"   65.21";"     0.1";"     0.0";"     4.5";"     4.1";"   27823"
"37566";"CPI040000";"1997MM10";"   59.67";"   65.22";"     0.0";"     0.0";"     4.5";"     4.1";"   27823"
"37567";"CPI040000";"1997MM11";"   59.66";"   65.20";"     0.0";"     0.0";"     4.5";"     4.0";"   27823"
"37568";"CPI040000";"1997MM12";"   59.66";"   65.21";"     0.0";"     0.0";"     4.5";"     4.0";"   27823"
"37569";"CPI040000";"1997JJ00";"   58.71";"   64.16";"";"";"     4.5";"     4.1";"   27823"
"37570";"CPI040000";"1998MM01";"   59.98";"   65.18";"     0.5";"     0.0";"     3.9";"     3.3";"   27823"
"37571";"CPI040000";"1998MM02";"   59.98";"   65.18";"     0.0";"     0.0";"     3.9";"     3.3";"   27823"
"37572";"CPI040000";"1998MM03";"   60.01";"   65.21";"     0.1";"     0.0";"     3.9";"     3.3";"   27823"
"37573";"CPI040000";"1998MM04";"   60.02";"   65.23";"     0.0";"     0.0";"     3.9";"     3.4";"   27823"
"37574";"CPI040000";"1998MM05";"   60.03";"   65.23";"     0.0";"     0.0";"     3.8";"     3.2";"   27823"
"37575";"CPI040000";"1998MM06";"   60.03";"   65.24";"     0.0";"     0.0";"     3.8";"     3.2";"   27823"
"37576";"CPI040000";"1998MM07";"   61.23";"   66.54";"     2.0";"     2.0";"     2.7";"     2.1";"   27823"
"37577";"CPI040000";"1998MM08";"   61.24";"   66.55";"     0.0";"     0.0";"     2.7";"     2.1";"   27823"
"37578";"CPI040000";"1998MM09";"   61.24";"   66.55";"     0.0";"     0.0";"     2.6";"     2.1";"   27823"
"37579";"CPI040000";"1998MM10";"   61.27";"   66.58";"     0.0";"     0.0";"     2.7";"     2.1";"   27823"
"37580";"CPI040000";"1998MM11";"   61.27";"   66.59";"     0.0";"     0.0";"     2.7";"     2.1";"   27823"
"37581";"CPI040000";"1998MM12";"   61.27";"   66.59";"     0.0";"     0.0";"     2.7";"     2.1";"   27823"
"37582";"CPI040000";"1998JJ00";"   60.63";"   65.89";"";"";"     3.3";"     2.7";"   27823"
"37583";"CPI040000";"1999MM01";"   61.92";"   66.34";"     1.1";"    -0.4";"     3.2";"     1.8";"   27823"
"37584";"CPI040000";"1999MM02";"   61.93";"   66.35";"     0.0";"     0.0";"     3.3";"     1.8";"   27823"
"37585";"CPI040000";"1999MM03";"   61.93";"   66.35";"     0.0";"     0.0";"     3.2";"     1.7";"   27823"
"37586";"CPI040000";"1999MM04";"   61.90";"   66.31";"     0.0";"    -0.1";"     3.1";"     1.7";"   27823"
"37587";"CPI040000";"1999MM05";"   61.91";"   66.33";"     0.0";"     0.0";"     3.1";"     1.7";"   27823"
"37588";"CPI040000";"1999MM06";"   61.92";"   66.34";"     0.0";"     0.0";"     3.1";"     1.7";"   27823"
"37589";"CPI040000";"1999MM07";"   63.07";"   67.59";"     1.9";"     1.9";"     3.0";"     1.6";"   27823"
"37590";"CPI040000";"1999MM08";"   63.07";"   67.59";"     0.0";"     0.0";"     3.0";"     1.6";"   27823"
"37591";"CPI040000";"1999MM09";"   63.07";"   67.59";"     0.0";"     0.0";"     3.0";"     1.6";"   27823"
"37592";"CPI040000";"1999MM10";"   63.09";"   67.61";"     0.0";"     0.0";"     3.0";"     1.5";"   27823"
"37593";"CPI040000";"1999MM11";"   63.12";"   67.65";"     0.0";"     0.1";"     3.0";"     1.6";"   27823"
"37594";"CPI040000";"1999MM12";"   63.12";"   67.64";"     0.0";"     0.0";"     3.0";"     1.6";"   27823"
"37595";"CPI040000";"1999JJ00";"   62.50";"   66.97";"";"";"     3.1";"     1.6";"   27823"
"37596";"CPI040000";"2000MM01";"   64.32";"   68.20";"     1.9";"     0.8";"     3.9";"     2.8";"   22601"
"37597";"CPI040000";"2000MM02";"   64.34";"   68.22";"     0.0";"     0.0";"     3.9";"     2.8";"   22601"
"37598";"CPI040000";"2000MM03";"   64.45";"   68.34";"     0.2";"     0.2";"     4.1";"     3.0";"   22601"
"37599";"CPI040000";"2000MM04";"   64.47";"   68.36";"     0.0";"     0.0";"     4.2";"     3.1";"   22601"
"37600";"CPI040000";"2000MM05";"   64.47";"   68.36";"     0.0";"     0.0";"     4.1";"     3.1";"   22601"
"37601";"CPI040000";"2000MM06";"   64.48";"   68.37";"     0.0";"     0.0";"     4.1";"     3.1";"   22601"
"37602";"CPI040000";"2000MM07";"   66.01";"   70.00";"     2.4";"     2.4";"     4.7";"     3.6";"   22601"
"37603";"CPI040000";"2000MM08";"   66.03";"   70.01";"     0.0";"     0.0";"     4.7";"     3.6";"   22601"
"37604";"CPI040000";"2000MM09";"   66.06";"   70.04";"     0.0";"     0.0";"     4.7";"     3.6";"   22601"
"37605";"CPI040000";"2000MM10";"   66.14";"   70.13";"     0.1";"     0.1";"     4.8";"     3.7";"   22601"
"37606";"CPI040000";"2000MM11";"   66.18";"   70.17";"     0.1";"     0.1";"     4.8";"     3.7";"   22601"
"37607";"CPI040000";"2000MM12";"   66.18";"   70.18";"     0.0";"     0.0";"     4.8";"     3.8";"   22601"
"37608";"CPI040000";"2000JJ00";"   65.26";"   69.20";"";"";"     4.4";"     3.3";"   22601"
"37609";"CPI040000";"2001MM01";"   67.83";"   70.62";"     2.5";"     0.6";"     5.5";"     3.5";"   22601"
"37610";"CPI040000";"2001MM02";"   67.85";"   70.64";"     0.0";"     0.0";"     5.5";"     3.5";"   22601"
"37611";"CPI040000";"2001MM03";"   67.87";"   70.66";"     0.0";"     0.0";"     5.3";"     3.4";"   22601"
"37612";"CPI040000";"2001MM04";"   67.48";"   70.26";"    -0.6";"    -0.6";"     4.7";"     2.8";"   22601"
"37613";"CPI040000";"2001MM05";"   67.50";"   70.28";"     0.0";"     0.0";"     4.7";"     2.8";"   22601"
"37614";"CPI040000";"2001MM06";"   67.52";"   70.30";"     0.0";"     0.0";"     4.7";"     2.8";"   22601"
"37615";"CPI040000";"2001MM07";"   69.33";"   72.22";"     2.7";"     2.7";"     5.0";"     3.2";"   22601"
"37616";"CPI040000";"2001MM08";"   69.35";"   72.23";"     0.0";"     0.0";"     5.0";"     3.2";"   22601"
"37617";"CPI040000";"2001MM09";"   69.36";"   72.24";"     0.0";"     0.0";"     5.0";"     3.1";"   22601"
"37618";"CPI040000";"2001MM10";"   69.29";"   72.17";"    -0.1";"    -0.1";"     4.8";"     2.9";"   22601"
"37619";"CPI040000";"2001MM11";"   69.30";"   72.18";"     0.0";"     0.0";"     4.7";"     2.9";"   22601"
"37620";"CPI040000";"2001MM12";"   69.31";"   72.19";"     0.0";"     0.0";"     4.7";"     2.9";"   22601"
"37621";"CPI040000";"2001JJ00";"   68.50";"   71.33";"";"";"     5.0";"     3.1";"   22601"
"37622";"CPI040000";"2002MM01";"   69.89";"   72.49";"     0.8";"     0.4";"     3.0";"     2.6";"   22601"
"37623";"CPI040000";"2002MM02";"   69.92";"   72.51";"     0.0";"     0.0";"     3.1";"     2.6";"   22601"
"37624";"CPI040000";"2002MM03";"   69.93";"   72.52";"     0.0";"     0.0";"     3.0";"     2.6";"   22601"
"37625";"CPI040000";"2002MM04";"   69.95";"   72.54";"     0.0";"     0.0";"     3.7";"     3.2";"   22601"
"37626";"CPI040000";"2002MM05";"   69.96";"   72.55";"     0.0";"     0.0";"     3.6";"     3.2";"   22601"
"37627";"CPI040000";"2002MM06";"   69.96";"   72.56";"     0.0";"     0.0";"     3.6";"     3.2";"   22601"
"37628";"CPI040000";"2002MM07";"   71.62";"   74.31";"     2.4";"     2.4";"     3.3";"     2.9";"   22601"
"37629";"CPI040000";"2002MM08";"   71.63";"   74.32";"     0.0";"     0.0";"     3.3";"     2.9";"   22601"
"37630";"CPI040000";"2002MM09";"   71.66";"   74.35";"     0.0";"     0.0";"     3.3";"     2.9";"   22601"
"37631";"CPI040000";"2002MM10";"   71.72";"   74.41";"     0.1";"     0.1";"     3.5";"     3.1";"   22601"
"37632";"CPI040000";"2002MM11";"   71.75";"   74.44";"     0.0";"     0.0";"     3.5";"     3.1";"   22601"
"37633";"CPI040000";"2002MM12";"   71.76";"   74.46";"     0.0";"     0.0";"     3.5";"     3.1";"   22601"
"37634";"CPI040000";"2002JJ00";"   70.81";"   73.46";"";"";"     3.4";"     3.0";"   22601"
"37635";"CPI040000";"2003MM01";"   72.50";"   74.81";"     1.0";"     0.5";"     3.7";"     3.2";"   22601"
"37636";"CPI040000";"2003MM02";"   72.53";"   74.83";"     0.0";"     0.0";"     3.7";"     3.2";"   22601"
"37637";"CPI040000";"2003MM03";"   72.56";"   74.87";"     0.0";"     0.1";"     3.8";"     3.2";"   22601"
"37638";"CPI040000";"2003MM04";"   72.61";"   74.92";"     0.1";"     0.1";"     3.8";"     3.3";"   22601"
"37639";"CPI040000";"2003MM05";"   72.62";"   74.94";"     0.0";"     0.0";"     3.8";"     3.3";"   22601"
"37640";"CPI040000";"2003MM06";"   72.62";"   74.94";"     0.0";"     0.0";"     3.8";"     3.3";"   22601"
"37641";"CPI040000";"2003MM07";"   74.51";"   77.35";"     2.6";"     3.2";"     4.0";"     4.1";"   22601"
"37642";"CPI040000";"2003MM08";"   74.51";"   77.35";"     0.0";"     0.0";"     4.0";"     4.1";"   22601"
"37643";"CPI040000";"2003MM09";"   74.51";"   77.35";"     0.0";"     0.0";"     4.0";"     4.0";"   22601"
"37644";"CPI040000";"2003MM10";"   74.52";"   77.36";"     0.0";"     0.0";"     3.9";"     4.0";"   22601"
"37645";"CPI040000";"2003MM11";"   74.54";"   77.38";"     0.0";"     0.0";"     3.9";"     3.9";"   22601"
"37646";"CPI040000";"2003MM12";"   74.53";"   77.37";"     0.0";"     0.0";"     3.9";"     3.9";"   22601"
"37647";"CPI040000";"2003JJ00";"   73.55";"   76.12";"";"";"     3.9";"     3.6";"   22601"
"37648";"CPI040000";"2004MM01";"   74.98";"   77.61";"     0.6";"     0.3";"     3.4";"     3.7";"   22601"
"37649";"CPI040000";"2004MM02";"   74.99";"   77.62";"     0.0";"     0.0";"     3.4";"     3.7";"   22601"
"37650";"CPI040000";"2004MM03";"   75.00";"   77.62";"     0.0";"     0.0";"     3.4";"     3.7";"   22601"
"37651";"CPI040000";"2004MM04";"   75.01";"   77.63";"     0.0";"     0.0";"     3.3";"     3.6";"   22601"
"37652";"CPI040000";"2004MM05";"   75.02";"   77.64";"     0.0";"     0.0";"     3.3";"     3.6";"   22601"
"37653";"CPI040000";"2004MM06";"   75.08";"   77.70";"     0.1";"     0.1";"     3.4";"     3.7";"   22601"
"37654";"CPI040000";"2004MM07";"   76.74";"   79.27";"     2.2";"     2.0";"     3.0";"     2.5";"   22601"
"37655";"CPI040000";"2004MM08";"   76.74";"   79.27";"     0.0";"     0.0";"     3.0";"     2.5";"   22601"
"37656";"CPI040000";"2004MM09";"   76.76";"   79.29";"     0.0";"     0.0";"     3.0";"     2.5";"   22601"
"37657";"CPI040000";"2004MM10";"   76.75";"   79.28";"     0.0";"     0.0";"     3.0";"     2.5";"   22601"
"37658";"CPI040000";"2004MM11";"   76.78";"   79.31";"     0.0";"     0.0";"     3.0";"     2.5";"   22601"
"37659";"CPI040000";"2004MM12";"   76.79";"   79.32";"     0.0";"     0.0";"     3.0";"     2.5";"   22601"
"37660";"CPI040000";"2004JJ00";"   75.89";"   78.46";"";"";"     3.2";"     3.1";"   22601"
"37661";"CPI040000";"2005MM01";"   78.70";"   80.87";"     2.5";"     2.0";"     5.0";"     4.2";"   22601"
"37662";"CPI040000";"2005MM02";"   78.70";"   80.86";"     0.0";"     0.0";"     4.9";"     4.2";"   22601"
"37663";"CPI040000";"2005MM03";"   78.71";"   80.88";"     0.0";"     0.0";"     4.9";"     4.2";"   22601"
"37664";"CPI040000";"2005MM04";"   78.71";"   80.88";"     0.0";"     0.0";"     4.9";"     4.2";"   22601"
"37665";"CPI040000";"2005MM05";"   78.73";"   80.89";"     0.0";"     0.0";"     4.9";"     4.2";"   22601"
"37666";"CPI040000";"2005MM06";"   78.74";"   80.90";"     0.0";"     0.0";"     4.9";"     4.1";"   22601"
"37667";"CPI040000";"2005MM07";"   79.88";"   82.11";"     1.4";"     1.5";"     4.1";"     3.6";"   22601"
"37668";"CPI040000";"2005MM08";"   80.09";"   82.34";"     0.3";"     0.3";"     4.4";"     3.9";"   22601"
"37669";"CPI040000";"2005MM09";"   80.10";"   82.35";"     0.0";"     0.0";"     4.4";"     3.9";"   22601"
"37670";"CPI040000";"2005MM10";"   80.12";"   82.36";"     0.0";"     0.0";"     4.4";"     3.9";"   22601"
"37671";"CPI040000";"2005MM11";"   80.12";"   82.37";"     0.0";"     0.0";"     4.4";"     3.9";"   22601"
"37672";"CPI040000";"2005MM12";"   80.13";"   82.38";"     0.0";"     0.0";"     4.3";"     3.9";"   22601"
"37673";"CPI040000";"2005JJ00";"   79.39";"   81.60";"";"";"     4.6";"     4.0";"   22601"
"37674";"CPI040000";"2006MM01";"   81.49";"   83.68";"     1.7";"     1.6";"     3.5";"     3.5";"   24400"
"37675";"CPI040000";"2006MM02";"   81.52";"   83.69";"     0.0";"     0.0";"     3.6";"     3.5";"   24400"
"37676";"CPI040000";"2006MM03";"   81.55";"   83.72";"     0.0";"     0.0";"     3.6";"     3.5";"   24400"
"37677";"CPI040000";"2006MM04";"   81.58";"   83.75";"     0.0";"     0.0";"     3.6";"     3.5";"   24400"
"37678";"CPI040000";"2006MM05";"   81.59";"   83.76";"     0.0";"     0.0";"     3.6";"     3.5";"   24400"
"37679";"CPI040000";"2006MM06";"   81.63";"   83.80";"     0.0";"     0.0";"     3.7";"     3.6";"   24400"
"37680";"CPI040000";"2006MM07";"   83.33";"   85.54";"     2.1";"     2.1";"     4.3";"     4.2";"   24400"
"37681";"CPI040000";"2006MM08";"   83.40";"   85.62";"     0.1";"     0.1";"     4.1";"     4.0";"   24400"
"37682";"CPI040000";"2006MM09";"   83.41";"   85.63";"     0.0";"     0.0";"     4.1";"     4.0";"   24400"
"37683";"CPI040000";"2006MM10";"   83.42";"   85.64";"     0.0";"     0.0";"     4.1";"     4.0";"   24400"
"37684";"CPI040000";"2006MM11";"   83.43";"   85.65";"     0.0";"     0.0";"     4.1";"     4.0";"   24400"
"37685";"CPI040000";"2006MM12";"   83.44";"   85.66";"     0.0";"     0.0";"     4.1";"     4.0";"   24400"
"37686";"CPI040000";"2006JJ00";"   82.48";"   84.68";"";"";"     3.9";"     3.8";"   24400"
"37687";"CPI040000";"2007MM01";"   84.38";"   86.46";"     1.1";"     0.9";"     3.5";"     3.3";"   24672"
"37688";"CPI040000";"2007MM02";"   84.47";"   86.55";"     0.1";"     0.1";"     3.6";"     3.4";"   24672"
"37689";"CPI040000";"2007MM03";"   84.49";"   86.57";"     0.0";"     0.0";"     3.6";"     3.4";"   24672"
"37690";"CPI040000";"2007MM04";"   84.52";"   86.60";"     0.0";"     0.0";"     3.6";"     3.4";"   24672"
"37691";"CPI040000";"2007MM05";"   84.53";"   86.61";"     0.0";"     0.0";"     3.6";"     3.4";"   24672"
"37692";"CPI040000";"2007MM06";"   84.55";"   86.63";"     0.0";"     0.0";"     3.6";"     3.4";"   24672"
"37693";"CPI040000";"2007MM07";"   84.69";"   86.77";"     0.2";"     0.2";"     1.6";"     1.4";"   24672"
"37694";"CPI040000";"2007MM08";"   84.76";"   86.85";"     0.1";"     0.1";"     1.6";"     1.4";"   24672"
"37695";"CPI040000";"2007MM09";"   84.78";"   86.86";"     0.0";"     0.0";"     1.6";"     1.4";"   24672"
"37696";"CPI040000";"2007MM10";"   84.80";"   86.89";"     0.0";"     0.0";"     1.7";"     1.5";"   24672"
"37697";"CPI040000";"2007MM11";"   84.79";"   86.87";"     0.0";"     0.0";"     1.6";"     1.4";"   24672"
"37698";"CPI040000";"2007MM12";"   84.81";"   86.90";"     0.0";"     0.0";"     1.6";"     1.4";"   24672"
"37699";"CPI040000";"2007JJ00";"   84.63";"   86.71";"";"";"     2.6";"     2.4";"   24672"
"37700";"CPI040000";"2008MM01";"   85.20";"   87.15";"     0.5";"     0.3";"     1.0";"     0.8";"   24866"
"37701";"CPI040000";"2008MM02";"   85.28";"   87.23";"     0.1";"     0.1";"     1.0";"     0.8";"   24866"
"37702";"CPI040000";"2008MM03";"   85.32";"   87.27";"     0.0";"     0.0";"     1.0";"     0.8";"   24866"
"37703";"CPI040000";"2008MM04";"   85.37";"   87.32";"     0.1";"     0.1";"     1.0";"     0.8";"   24866"
"37704";"CPI040000";"2008MM05";"   85.38";"   87.33";"     0.0";"     0.0";"     1.0";"     0.8";"   24866"
"37705";"CPI040000";"2008MM06";"   85.42";"   87.37";"     0.0";"     0.0";"     1.0";"     0.9";"   24866"
"37706";"CPI040000";"2008MM07";"   87.52";"   89.44";"     2.5";"     2.4";"     3.3";"     3.1";"   24866"
"37707";"CPI040000";"2008MM08";"   87.52";"   89.44";"     0.0";"     0.0";"     3.3";"     3.0";"   24866"
"37708";"CPI040000";"2008MM09";"   87.54";"   89.46";"     0.0";"     0.0";"     3.3";"     3.0";"   24866"
"37709";"CPI040000";"2008MM10";"   87.58";"   89.50";"     0.0";"     0.0";"     3.3";"     3.0";"   24866"
"37710";"CPI040000";"2008MM11";"   87.52";"   89.43";"    -0.1";"    -0.1";"     3.2";"     2.9";"   24866"
"37711";"CPI040000";"2008MM12";"   87.43";"   89.34";"    -0.1";"    -0.1";"     3.1";"     2.8";"   24866"
"37712";"CPI040000";"2008JJ00";"   86.42";"   88.36";"";"";"     2.1";"     1.9";"   24866"
"37713";"CPI040000";"2009MM01";"   88.79";"   90.65";"     1.6";"     1.5";"     4.2";"     4.0";"   25130"
"37714";"CPI040000";"2009MM02";"   88.77";"   90.63";"     0.0";"     0.0";"     4.1";"     3.9";"   25130"
"37715";"CPI040000";"2009MM03";"   88.67";"   90.52";"    -0.1";"    -0.1";"     3.9";"     3.7";"   25130"
"37716";"CPI040000";"2009MM04";"   88.45";"   90.29";"    -0.2";"    -0.3";"     3.6";"     3.4";"   25130"
"37717";"CPI040000";"2009MM05";"   88.56";"   90.41";"     0.1";"     0.1";"     3.7";"     3.5";"   25130"
"37718";"CPI040000";"2009MM06";"   88.48";"   90.33";"    -0.1";"    -0.1";"     3.6";"     3.4";"   25130"
"37719";"CPI040000";"2009MM07";"   87.39";"   89.21";"    -1.2";"    -1.2";"    -0.1";"    -0.3";"   25130"
"37720";"CPI040000";"2009MM08";"   87.30";"   89.12";"    -0.1";"    -0.1";"    -0.3";"    -0.4";"   25130"
"37721";"CPI040000";"2009MM09";"   87.35";"   89.18";"     0.1";"     0.1";"    -0.2";"    -0.3";"   25130"
"37722";"CPI040000";"2009MM10";"   87.33";"   89.16";"     0.0";"     0.0";"    -0.3";"    -0.4";"   25130"
"37723";"CPI040000";"2009MM11";"   87.34";"   89.18";"     0.0";"     0.0";"    -0.2";"    -0.3";"   25130"
"37724";"CPI040000";"2009MM12";"   87.33";"   89.16";"     0.0";"     0.0";"    -0.1";"    -0.2";"   25130"
"37725";"CPI040000";"2009JJ00";"   87.98";"   89.82";"";"";"     1.8";"     1.7";"   25130"
"37726";"CPI040000";"2010MM01";"   87.22";"   88.82";"    -0.1";"    -0.4";"    -1.8";"    -2.0";"   24648"
"37727";"CPI040000";"2010MM02";"   87.25";"   88.85";"     0.0";"     0.0";"    -1.7";"    -2.0";"   24648"
"37728";"CPI040000";"2010MM03";"   87.25";"   88.85";"     0.0";"     0.0";"    -1.6";"    -1.8";"   24648"
"37729";"CPI040000";"2010MM04";"   87.25";"   88.85";"     0.0";"     0.0";"    -1.4";"    -1.6";"   24648"
"37730";"CPI040000";"2010MM05";"   87.07";"   88.66";"    -0.2";"    -0.2";"    -1.7";"    -1.9";"   24648"
"37731";"CPI040000";"2010MM06";"   87.11";"   88.71";"     0.0";"     0.1";"    -1.5";"    -1.8";"   24648"
"37732";"CPI040000";"2010MM07";"   88.57";"   90.19";"     1.7";"     1.7";"     1.4";"     1.1";"   24648"
"37733";"CPI040000";"2010MM08";"   88.70";"   90.33";"     0.1";"     0.2";"     1.6";"     1.4";"   24648"
"37734";"CPI040000";"2010MM09";"   88.79";"   90.42";"     0.1";"     0.1";"     1.6";"     1.4";"   24648"
"37735";"CPI040000";"2010MM10";"   88.75";"   90.44";"     0.0";"     0.0";"     1.6";"     1.4";"   24648"
"37736";"CPI040000";"2010MM11";"   88.73";"   90.42";"     0.0";"     0.0";"     1.6";"     1.4";"   24648"
"37737";"CPI040000";"2010MM12";"   88.70";"   90.39";"     0.0";"     0.0";"     1.6";"     1.4";"   24648"
"37738";"CPI040000";"2010JJ00";"   87.95";"   89.58";"";"";"     0.0";"    -0.3";"   24648"
"37739";"CPI040000";"2011MM01";"   88.89";"   90.50";"     0.2";"     0.1";"     1.9";"     1.9";"   25146"
"37740";"CPI040000";"2011MM02";"   88.97";"   90.58";"     0.1";"     0.1";"     2.0";"     1.9";"   25146"
"37741";"CPI040000";"2011MM03";"   89.00";"   90.61";"     0.0";"     0.0";"     2.0";"     2.0";"   25146"
"37742";"CPI040000";"2011MM04";"   89.13";"   90.74";"     0.1";"     0.1";"     2.2";"     2.1";"   25146"
"37743";"CPI040000";"2011MM05";"   89.27";"   90.89";"     0.2";"     0.2";"     2.5";"     2.5";"   25146"
"37744";"CPI040000";"2011MM06";"   89.35";"   90.97";"     0.1";"     0.1";"     2.6";"     2.5";"   25146"
"37745";"CPI040000";"2011MM07";"   91.15";"   92.76";"     2.0";"     2.0";"     2.9";"     2.8";"   25146"
"37746";"CPI040000";"2011MM08";"   91.16";"   92.76";"     0.0";"     0.0";"     2.8";"     2.7";"   25146"
"37747";"CPI040000";"2011MM09";"   91.22";"   92.83";"     0.1";"     0.1";"     2.7";"     2.7";"   25146"
"37748";"CPI040000";"2011MM10";"   91.24";"   92.85";"     0.0";"     0.0";"     2.8";"     2.7";"   25146"
"37749";"CPI040000";"2011MM11";"   91.27";"   92.87";"     0.0";"     0.0";"     2.9";"     2.7";"   25146"
"37750";"CPI040000";"2011MM12";"   91.22";"   92.83";"    -0.1";"     0.0";"     2.8";"     2.7";"   25146"
"37751";"CPI040000";"2011JJ00";"   90.16";"   91.77";"";"";"     2.5";"     2.4";"   25146"
"37752";"CPI040000";"2012MM01";"   91.51";"   92.99";"     0.3";"     0.2";"     2.9";"     2.8";"   25335"
"37753";"CPI040000";"2012MM02";"   91.55";"   93.03";"     0.0";"     0.0";"     2.9";"     2.7";"   25335"
"37754";"CPI040000";"2012MM03";"   91.56";"   93.04";"     0.0";"     0.0";"     2.9";"     2.7";"   25335"
"37755";"CPI040000";"2012MM04";"   91.63";"   93.10";"     0.1";"     0.1";"     2.8";"     2.6";"   25335"
"37756";"CPI040000";"2012MM05";"   91.68";"   93.16";"     0.1";"     0.1";"     2.7";"     2.5";"   25335"
"37757";"CPI040000";"2012MM06";"   91.68";"   93.16";"     0.0";"     0.0";"     2.6";"     2.4";"   25335"
"37758";"CPI040000";"2012MM07";"   93.59";"   95.10";"     2.1";"     2.1";"     2.7";"     2.5";"   25335"
"37759";"CPI040000";"2012MM08";"   93.54";"   95.05";"    -0.1";"    -0.1";"     2.6";"     2.5";"   25335"
"37760";"CPI040000";"2012MM09";"   93.61";"   95.12";"     0.1";"     0.1";"     2.6";"     2.5";"   25335"
"37761";"CPI040000";"2012MM10";"   93.99";"   95.07";"     0.4";"    -0.1";"     3.0";"     2.4";"   25335"
"37762";"CPI040000";"2012MM11";"   93.92";"   95.00";"    -0.1";"    -0.1";"     2.9";"     2.3";"   25335"
"37763";"CPI040000";"2012MM12";"   93.91";"   94.99";"     0.0";"     0.0";"     2.9";"     2.3";"   25335"
"37764";"CPI040000";"2012JJ00";"   92.68";"   94.07";"";"";"     2.8";"     2.5";"   25335"
"37765";"CPI040000";"2013MM01";"   94.34";"   94.81";"     0.5";"    -0.2";"     3.1";"     2.0";"   25802"
"37766";"CPI040000";"2013MM02";"   94.36";"   94.82";"     0.0";"     0.0";"     3.1";"     1.9";"   25802"
"37767";"CPI040000";"2013MM03";"   94.19";"   94.86";"    -0.2";"     0.0";"     2.9";"     2.0";"   25802"
"37768";"CPI040000";"2013MM04";"   94.11";"   94.79";"    -0.1";"    -0.1";"     2.7";"     1.8";"   25802"
"37769";"CPI040000";"2013MM05";"   94.09";"   94.76";"     0.0";"     0.0";"     2.6";"     1.7";"   25802"
"37770";"CPI040000";"2013MM06";"   94.10";"   94.77";"     0.0";"     0.0";"     2.6";"     1.7";"   25802"
"37771";"CPI040000";"2013MM07";"   96.78";"   97.49";"     2.8";"     2.9";"     3.4";"     2.5";"   25802"
"37772";"CPI040000";"2013MM08";"   96.75";"   97.46";"     0.0";"     0.0";"     3.4";"     2.5";"   25802"
"37773";"CPI040000";"2013MM09";"   96.75";"   97.45";"     0.0";"     0.0";"     3.4";"     2.4";"   25802"
"37774";"CPI040000";"2013MM10";"   96.71";"   97.42";"     0.0";"     0.0";"     2.9";"     2.5";"   25802"
"37775";"CPI040000";"2013MM11";"   96.74";"   97.45";"     0.0";"     0.0";"     3.0";"     2.6";"   25802"
"37776";"CPI040000";"2013MM12";"   96.70";"   97.41";"     0.0";"     0.0";"     3.0";"     2.5";"   25802"
"37777";"CPI040000";"2013JJ00";"   95.47";"   96.12";"";"";"     3.0";"     2.2";"   25802"
"37778";"CPI040000";"2014MM01";"   97.00";"   97.27";"     0.3";"    -0.1";"     2.8";"     2.6";"   26516"
"37779";"CPI040000";"2014MM02";"   97.03";"   97.30";"     0.0";"     0.0";"     2.8";"     2.6";"   26516"
"37780";"CPI040000";"2014MM03";"   97.02";"   97.29";"     0.0";"     0.0";"     3.0";"     2.6";"   26516"
"37781";"CPI040000";"2014MM04";"   96.96";"   97.23";"    -0.1";"    -0.1";"     3.0";"     2.6";"   26516"
"37782";"CPI040000";"2014MM05";"   96.93";"   97.20";"     0.0";"     0.0";"     3.0";"     2.6";"   26516"
"37783";"CPI040000";"2014MM06";"   96.83";"   97.10";"    -0.1";"    -0.1";"     2.9";"     2.5";"   26516"
"37784";"CPI040000";"2014MM07";"   99.47";"   99.76";"     2.7";"     2.7";"     2.8";"     2.3";"   26516"
"37785";"CPI040000";"2014MM08";"   99.40";"   99.69";"    -0.1";"    -0.1";"     2.7";"     2.3";"   26516"
"37786";"CPI040000";"2014MM09";"   99.44";"   99.72";"     0.0";"     0.0";"     2.8";"     2.3";"   26516"
"37787";"CPI040000";"2014MM10";"   99.47";"   99.75";"     0.0";"     0.0";"     2.9";"     2.4";"   26516"
"37788";"CPI040000";"2014MM11";"   99.49";"   99.78";"     0.0";"     0.0";"     2.8";"     2.4";"   26516"
"37789";"CPI040000";"2014MM12";"   99.45";"   99.74";"     0.0";"     0.0";"     2.8";"     2.4";"   26516"
"37790";"CPI040000";"2014JJ00";"   98.21";"   98.49";"";"";"     2.9";"     2.5";"   26516"
"37791";"CPI040000";"2015MM01";"   99.40";"   99.40";"    -0.1";"    -0.3";"     2.5";"     2.2";"   26146"
"37792";"CPI040000";"2015MM02";"   99.37";"   99.37";"     0.0";"     0.0";"     2.4";"     2.1";"   26146"
"37793";"CPI040000";"2015MM03";"   99.26";"   99.26";"    -0.1";"    -0.1";"     2.3";"     2.0";"   26146"
"37794";"CPI040000";"2015MM04";"   99.31";"   99.31";"     0.1";"     0.1";"     2.4";"     2.1";"   26146"
"37795";"CPI040000";"2015MM05";"   99.29";"   99.29";"     0.0";"     0.0";"     2.4";"     2.2";"   26146"
"37796";"CPI040000";"2015MM06";"   99.31";"   99.31";"     0.0";"     0.0";"     2.6";"     2.3";"   26146"
"37797";"CPI040000";"2015MM07";"  100.81";"  100.81";"     1.5";"     1.5";"     1.3";"     1.1";"   26146"
"37798";"CPI040000";"2015MM08";"  100.78";"  100.78";"     0.0";"     0.0";"     1.4";"     1.1";"   26146"
"37799";"CPI040000";"2015MM09";"  100.78";"  100.78";"     0.0";"     0.0";"     1.3";"     1.1";"   26146"
"37800";"CPI040000";"2015MM10";"  100.62";"  100.62";"    -0.2";"    -0.2";"     1.2";"     0.9";"   26146"
"37801";"CPI040000";"2015MM11";"  100.57";"  100.57";"     0.0";"     0.0";"     1.1";"     0.8";"   26146"
"37802";"CPI040000";"2015MM12";"  100.51";"  100.51";"    -0.1";"    -0.1";"     1.1";"     0.8";"   26146"
"37803";"CPI040000";"2015JJ00";"  100.00";"  100.00";"";"";"     1.8";"     1.5";"   26146"
"37804";"CPI040000";"2016MM01";"  100.21";"   99.95";"    -0.3";"    -0.6";"     0.8";"     0.6";"   26164"
"37805";"CPI040000";"2016MM02";"  100.13";"   99.87";"    -0.1";"    -0.1";"     0.8";"     0.5";"   26164"
"37806";"CPI040000";"2016MM03";"  100.06";"   99.81";"    -0.1";"    -0.1";"     0.8";"     0.6";"   26164"
"37807";"CPI040000";"2016MM04";"   99.91";"   99.66";"    -0.1";"    -0.2";"     0.6";"     0.4";"   26164"
"37808";"CPI040000";"2016MM05";"   99.88";"   99.62";"     0.0";"     0.0";"     0.6";"     0.3";"   26164"
"37809";"CPI040000";"2016MM06";"   99.90";"   99.65";"     0.0";"     0.0";"     0.6";"     0.3";"   26164"
"37810";"CPI040000";"2016MM07";"  101.08";"  100.82";"     1.2";"     1.2";"     0.3";"     0.0";"   26164"
"37811";"CPI040000";"2016MM08";"  101.18";"  100.93";"     0.1";"     0.1";"     0.4";"     0.1";"   26164"
"37812";"CPI040000";"2016MM09";"  101.24";"  100.98";"     0.1";"     0.0";"     0.5";"     0.2";"   26164"
"37813";"CPI040000";"2016MM10";"  101.19";"  100.94";"     0.0";"     0.0";"     0.6";"     0.3";"   26164"
"37814";"CPI040000";"2016MM11";"  101.15";"  100.90";"     0.0";"     0.0";"     0.6";"     0.3";"   26164"
"37815";"CPI040000";"2016MM12";"  101.26";"  101.00";"     0.1";"     0.1";"     0.7";"     0.5";"   26164"
"37816";"CPI040000";"2016JJ00";"  100.60";"  100.34";"";"";"     0.6";"     0.3";"   26164"
"37817";"CPI040000";"2017MM01";"  101.53";"  101.12";"     0.3";"     0.1";"     1.3";"     1.2";"   25849"
"37818";"CPI040000";"2017MM02";"  101.54";"  101.13";"     0.0";"     0.0";"     1.4";"     1.3";"   25849"
"37819";"CPI040000";"2017MM03";"  101.67";"  101.26";"     0.1";"     0.1";"     1.6";"     1.5";"   25849"
"37820";"CPI040000";"2017MM04";"  101.61";"  101.20";"    -0.1";"    -0.1";"     1.7";"     1.5";"   25849"
"37821";"CPI040000";"2017MM05";"  101.48";"  101.07";"    -0.1";"    -0.1";"     1.6";"     1.5";"   25849"
"37822";"CPI040000";"2017MM06";"  101.51";"  101.10";"     0.0";"     0.0";"     1.6";"     1.5";"   25849"
"37823";"CPI040000";"2017MM07";"  102.73";"  102.32";"     1.2";"     1.2";"     1.6";"     1.5";"   25849"
"37824";"CPI040000";"2017MM08";"  102.71";"  102.30";"     0.0";"     0.0";"     1.5";"     1.4";"   25849"
"37825";"CPI040000";"2017MM09";"  102.71";"  102.30";"     0.0";"     0.0";"     1.5";"     1.3";"   25849"
"37826";"CPI040000";"2017MM10";"  102.79";"  102.38";"     0.1";"     0.1";"     1.6";"     1.4";"   25849"
"37827";"CPI040000";"2017MM11";"  102.90";"  102.48";"     0.1";"     0.1";"     1.7";"     1.6";"   25849"
"37828";"CPI040000";"2017MM12";"  102.87";"  102.46";"     0.0";"     0.0";"     1.6";"     1.4";"   25849"
"37829";"CPI040000";"2017JJ00";"  102.17";"  101.76";"";"";"     1.6";"     1.4";"   25849"
"37830";"CPI040000";"2018MM01";"  103.93";"  102.87";"     1.0";"     0.4";"     2.4";"     1.7";"   25814"
"37831";"CPI040000";"2018MM02";"  103.96";"  102.90";"     0.0";"     0.0";"     2.4";"     1.8";"   25814"
"37832";"CPI040000";"2018MM03";"  103.98";"  102.92";"     0.0";"     0.0";"     2.3";"     1.6";"   25814"
"37833";"CPI040000";"2018MM04";"  103.90";"  102.84";"    -0.1";"    -0.1";"     2.3";"     1.6";"   25814"
"37834";"CPI040000";"2018MM05";"  103.89";"  102.83";"     0.0";"     0.0";"     2.4";"     1.7";"   25814"
"37835";"CPI040000";"2018MM06";"  104.05";"  102.99";"     0.2";"     0.2";"     2.5";"     1.9";"   25814"
"37836";"CPI040000";"2018MM07";"  106.23";"  105.16";"     2.1";"     2.1";"     3.4";"     2.8";"   25814"
"37837";"CPI040000";"2018MM08";"  106.20";"  105.13";"     0.0";"     0.0";"     3.4";"     2.8";"   25814"
"37838";"CPI040000";"2018MM09";"  106.29";"  105.22";"     0.1";"     0.1";"     3.5";"     2.9";"   25814"
"37839";"CPI040000";"2018MM10";"  106.42";"  105.34";"     0.1";"     0.1";"     3.5";"     2.9";"   25814"
"37840";"CPI040000";"2018MM11";"  106.71";"  105.64";"     0.3";"     0.3";"     3.7";"     3.1";"   25814"
"37841";"CPI040000";"2018MM12";"  106.65";"  105.58";"    -0.1";"    -0.1";"     3.7";"     3.0";"   25814"
"37842";"CPI040000";"2018JJ00";"  105.18";"  104.12";"";"";"     2.9";"     2.3";"   25814"
"37843";"CPI040000";"2019MM01";"  108.44";"  106.25";"     1.7";"     0.6";"     4.3";"     3.3";"   26832"
"37844";"CPI040000";"2019MM02";"  108.48";"  106.29";"     0.0";"     0.0";"     4.3";"     3.3";"   26832"
"37845";"CPI040000";"2019MM03";"  108.39";"  106.20";"    -0.1";"    -0.1";"     4.2";"     3.2";"   26832"
"37846";"CPI040000";"2019MM04";"  108.30";"  106.12";"    -0.1";"    -0.1";"     4.2";"     3.2";"   26832"
"37847";"CPI040000";"2019MM05";"  108.25";"  106.06";"     0.0";"    -0.1";"     4.2";"     3.1";"   26832"
"37848";"CPI040000";"2019MM06";"  108.24";"  106.05";"     0.0";"     0.0";"     4.0";"     3.0";"   26832"
"37849";"CPI040000";"2019MM07";"  110.07";"  107.86";"     1.7";"     1.7";"     3.6";"     2.6";"   26832"
"37850";"CPI040000";"2019MM08";"  109.98";"  107.77";"    -0.1";"    -0.1";"     3.6";"     2.5";"   26832"
"37851";"CPI040000";"2019MM09";"  109.96";"  107.75";"     0.0";"     0.0";"     3.5";"     2.4";"   26832"
"37852";"CPI040000";"2019MM10";"  109.93";"  107.72";"     0.0";"     0.0";"     3.3";"     2.3";"   26832"
"37853";"CPI040000";"2019MM11";"  109.98";"  107.77";"     0.0";"     0.0";"     3.1";"     2.0";"   26832"
"37854";"CPI040000";"2019MM12";"  109.95";"  107.75";"     0.0";"     0.0";"     3.1";"     2.1";"   26832"
"37855";"CPI040000";"2019JJ00";"  109.16";"  106.97";"";"";"     3.8";"     2.7";"   26832"
"37856";"CPI040000";"2020MM01";"  109.02";"  107.81";"    -0.8";"     0.1";"     0.5";"     1.5";"   26731"
"37857";"CPI040000";"2020MM02";"  108.93";"  107.73";"    -0.1";"    -0.1";"     0.4";"     1.4";"   26731"
"37858";"CPI040000";"2020MM03";"  108.77";"  107.57";"    -0.1";"    -0.1";"     0.4";"     1.3";"   26731"
"37859";"CPI040000";"2020MM04";"  108.59";"  107.39";"    -0.2";"    -0.2";"     0.3";"     1.2";"   26731"
"37860";"CPI040000";"2020MM05";"  108.53";"  107.34";"    -0.1";"     0.0";"     0.3";"     1.2";"   26731"
"37861";"CPI040000";"2020MM06";"  108.47";"  107.28";"    -0.1";"    -0.1";"     0.2";"     1.2";"   26731"
"37862";"CPI040000";"2020MM07";"  110.67";"  109.44";"     2.0";"     2.0";"     0.5";"     1.5";"   26731"
"37863";"CPI040000";"2020MM08";"  110.69";"  109.45";"     0.0";"     0.0";"     0.6";"     1.6";"   26731"
"37864";"CPI040000";"2020MM09";"  110.73";"  109.49";"     0.0";"     0.0";"     0.7";"     1.6";"   26731"
"37865";"CPI040000";"2020MM10";"  110.76";"  109.53";"     0.0";"     0.0";"     0.8";"     1.7";"   26731"
"37866";"CPI040000";"2020MM11";"  110.84";"  109.60";"     0.1";"     0.1";"     0.8";"     1.7";"   26731"
"37867";"CPI040000";"2020MM12";"  110.88";"  109.64";"     0.0";"     0.0";"     0.8";"     1.8";"   26731"
"37868";"CPI040000";"2020JJ00";"  109.74";"  108.52";"";"";"     0.5";"     1.4";"   26731"
"37869";"CPI040000";"2021MM01";"  111.18";"  109.87";"     0.3";"     0.2";"     2.0";"     1.9";"   29300"
"37870";"CPI040000";"2021MM02";"  111.38";"  110.07";"     0.2";"     0.2";"     2.2";"     2.2";"   29300"
"37871";"CPI040000";"2021MM03";"  111.56";"  110.24";"     0.2";"     0.2";"     2.6";"     2.5";"   29300"
"37872";"CPI040000";"2021MM04";"  111.64";"  110.32";"     0.1";"     0.1";"     2.8";"     2.7";"   29300"
"37873";"CPI040000";"2021MM05";"  111.65";"  110.33";"     0.0";"     0.0";"     2.9";"     2.8";"   29300"
"37874";"CPI040000";"2021MM06";"  111.99";"  110.67";"     0.3";"     0.3";"     3.2";"     3.2";"   29300"
"37875";"CPI040000";"2021MM07";"  113.37";"  112.03";"     1.2";"     1.2";"     2.4";"     2.4";"   29300"
"37876";"CPI040000";"2021MM08";"  113.57";"  112.23";"     0.2";"     0.2";"     2.6";"     2.5";"   29300"
"37877";"CPI040000";"2021MM09";"  114.42";"  113.07";"     0.7";"     0.7";"     3.3";"     3.3";"   29300"
"37878";"CPI040000";"2021MM10";"  116.10";"  114.73";"     1.5";"     1.5";"     4.8";"     4.7";"   29300"
"37879";"CPI040000";"2021MM11";"  119.56";"  118.16";"     3.0";"     3.0";"     7.9";"     7.8";"   29300"
"37880";"CPI040000";"2021MM12";"  121.99";"  120.56";"     2.0";"     2.0";"    10.0";"    10.0";"   29300"
"37881";"CPI040000";"2021JJ00";"  114.03";"  112.69";"";"";"     3.9";"     3.8";"   29300"
"37882";"CPI040000";"2022MM01";"  123.88";"  126.25";"     1.5";"     4.7";"    11.4";"    14.9";"   30266"
"37883";"CPI040000";"2022MM02";"  122.85";"  125.23";"    -0.8";"    -0.8";"    10.3";"    13.8";"   30266"
"37884";"CPI040000";"2022MM03";"  134.13";"  136.38";"     9.2";"     8.9";"    20.2";"    23.7";"   30266"
"37885";"CPI040000";"2022MM04";"  131.46";"  133.75";"    -2.0";"    -1.9";"    17.8";"    21.2";"   30266"
"37886";"CPI040000";"2022MM05";"  127.17";"  129.51";"    -3.3";"    -3.2";"    13.9";"    17.4";"   30266"
"37887";"CPI040000";"2022MM06";"  124.67";"  127.03";"    -2.0";"    -1.9";"    11.3";"    14.8";"   30266"
"37888";"CPI040000";"2022MM07";"  132.39";"  138.02";"     6.2";"     8.7";"    16.8";"    23.2";"   30266"
"37889";"CPI040000";"2022MM08";"  139.33";"  145.63";"     5.2";"     5.5";"    22.7";"    29.8";"   30266"
"37890";"CPI040000";"2022MM09";"  148.97";"  156.21";"     6.9";"     7.3";"    30.2";"    38.2";"   30266"
"37891";"CPI040000";"2022MM10";"  149.47";"  156.75";"     0.3";"     0.3";"    28.7";"    36.6";"   30266"
"37892";"CPI040000";"2022MM11";"  137.26";"  143.35";"    -8.2";"    -8.5";"    14.8";"    21.3";"   30266"
"37893";"CPI040000";"2022MM12";"  137.10";"  143.18";"    -0.1";"    -0.1";"    12.4";"    18.8";"   30266"
"37894";"CPI040000";"2022JJ00";"  134.06";"  138.44";"";"";"    17.6";"    22.9";"   30266"
"37895";"CPI040000";"2023MM01";"  129.40";"  130.42";"    -5.6";"    -8.9";"     4.5";"     3.3";"   27027"
"37896";"CPI040000";"2023MM02";"  128.73";"  129.79";"    -0.5";"    -0.5";"     4.8";"     3.6";"   27027"
"37897";"CPI040000";"2023MM03";"  128.06";"  129.17";"    -0.5";"    -0.5";"    -4.5";"    -5.3";"   27027"
"37898";"CPI040000";"2023MM04";"  127.86";"  128.98";"    -0.2";"    -0.1";"    -2.7";"    -3.6";"   27027"
"37899";"CPI040000";"2023MM05";"  127.27";"  128.42";"    -0.5";"    -0.4";"     0.1";"    -0.8";"   27027"
"37900";"CPI040000";"2023MM06";"  126.99";"  128.81";"    -0.2";"     0.3";"     1.9";"     1.4";"   27027"
"37901";"CPI040000";"2023MM07";"  128.65";"  130.57";"     1.3";"     1.4";"    -2.8";"    -5.4";"   27027"
"37902";"CPI040000";"2023MM08";"  128.59";"  130.51";"     0.0";"     0.0";"    -7.7";"   -10.4";"   27027"
"37903";"CPI040000";"2023MM09";"  128.64";"  130.56";"     0.0";"     0.0";"   -13.6";"   -16.4";"   27027"
"37904";"CPI040000";"2023MM10";"  128.54";"  130.46";"    -0.1";"    -0.1";"   -14.0";"   -16.8";"   27027"
